<?xml version="1.0"?>
<doc>
    <assembly>
        <name>SC SignalHelper</name>
    </assembly>
    <members>
        <member name="F:STALCRAFT_Signals_timer.Form1.components">
            <summary>
            Обязательная переменная конструктора.
            </summary>
        </member>
        <member name="M:STALCRAFT_Signals_timer.Form1.Dispose(System.Boolean)">
            <summary>
            Освободить все используемые ресурсы.
            </summary>
            <param name="disposing">истинно, если управляемый ресурс должен быть удален; иначе ложно.</param>
        </member>
        <member name="M:STALCRAFT_Signals_timer.Form1.InitializeComponent">
            <summary>
            Требуемый метод для поддержки конструктора — не изменяйте 
            содержимое этого метода с помощью редактора кода.
            </summary>
        </member>
        <member name="M:STALCRAFT_Signals_timer.Program.Main">
            <summary>
            Главная точка входа для приложения.
            </summary>
        </member>
        <member name="T:STALCRAFT_Signals_timer.Properties.Resources">
            <summary>
              Класс ресурса со строгой типизацией для поиска локализованных строк и т.д.
            </summary>
        </member>
        <member name="P:STALCRAFT_Signals_timer.Properties.Resources.ResourceManager">
            <summary>
              Возвращает кэшированный экземпляр ResourceManager, использованный этим классом.
            </summary>
        </member>
        <member name="P:STALCRAFT_Signals_timer.Properties.Resources.Culture">
            <summary>
              Перезаписывает свойство CurrentUICulture текущего потока для всех
              обращений к ресурсу с помощью этого класса ресурса со строгой типизацией.
            </summary>
        </member>
        <member name="P:STALCRAFT_Signals_timer.Properties.Resources._3F3F3F3F_3F3F3F_3F3F3F3F3F3F3F">
            <summary>
              Поиск локализованного ресурса типа System.Drawing.Bitmap.
            </summary>
        </member>
        <member name="P:STALCRAFT_Signals_timer.Properties.Resources.pda_">
            <summary>
              Поиск локализованного ресурса типа System.IO.UnmanagedMemoryStream, аналогичного System.IO.MemoryStream.
            </summary>
        </member>
        <member name="P:STALCRAFT_Signals_timer.Properties.Resources.PDA_UI">
            <summary>
              Поиск локализованного ресурса типа System.Drawing.Bitmap.
            </summary>
        </member>
        <member name="P:STALCRAFT_Signals_timer.Properties.Resources.PDA_UI_Photoroom_png_Photoroom">
            <summary>
              Поиск локализованного ресурса типа System.Drawing.Bitmap.
            </summary>
        </member>
    </members>
</doc>
